INSERT INTO product (id, name, unit_price) VALUES
(1, 'Laptop Pro 14', 1200.0),
(2, 'Smartphone X', 800.0),
(3, 'Wireless Headphones', 150.0),
(4, 'Gaming Mouse', 60.0),
(5, 'Mechanical Keyboard', 120.0),
(6, 'USB-C Charger', 25.0),
(7, 'External SSD 1TB', 180.0),
(8, 'Smart Watch', 220.0),
(9, 'Bluetooth Speaker', 90.0),
(10, 'HD Monitor 27"', 300.0);

INSERT INTO sale (id, date, total) VALUES
(1, '2026-01-05 10:00:00', 2400),
(2, '2026-01-08 12:00:00', 150),
(3, '2026-01-10 09:30:00', 800),
(4, '2026-01-15 14:20:00', 60),
(5, '2026-01-18 16:10:00', 450),
(6, '2026-01-22 11:45:00', 1200),
(7, '2026-01-25 19:00:00', 60),
(8, '2026-01-28 13:15:00', 800),

(9, '2026-02-02 10:00:00', 300),
(10, '2026-02-03 11:00:00', 120),
(11, '2026-02-05 15:00:00', 180),
(12, '2026-02-07 09:00:00', 800),
(13, '2026-02-10 17:00:00', 220),
(14, '2026-02-12 13:00:00', 90),
(15, '2026-02-15 10:30:00', 450),
(16, '2026-02-18 14:00:00', 60),
(17, '2026-02-20 16:00:00', 300),
(18, '2026-02-22 12:00:00', 150),
(19, '2026-02-25 18:00:00', 1200),
(20, '2026-02-28 20:00:00', 800),

(21, '2026-03-01 10:00:00', 1200),
(22, '2026-03-02 11:00:00', 150),
(23, '2026-03-03 12:00:00', 300),
(24, '2026-03-04 13:00:00', 220),
(25, '2026-03-05 14:00:00', 800),
(26, '2026-03-06 15:00:00', 90),
(27, '2026-03-07 16:00:00', 60),
(28, '2026-03-08 17:00:00', 450),
(29, '2026-03-09 18:00:00', 180),
(30, '2026-03-10 19:00:00', 300),
(31, '2026-03-11 10:00:00', 800),
(32, '2026-03-12 11:00:00', 120),
(33, '2026-03-13 12:00:00', 150),
(34, '2026-03-14 13:00:00', 220),
(35, '2026-03-15 14:00:00', 300),
(36, '2026-03-16 15:00:00', 60),
(37, '2026-03-17 16:00:00', 90),
(38, '2026-03-18 17:00:00', 1200),

(39, '2026-04-01 10:00:00', 800),
(40, '2026-04-03 11:00:00', 300),
(41, '2026-04-05 12:00:00', 150),
(42, '2026-04-07 13:00:00', 220),
(43, '2026-04-08 14:00:00', 60),
(44, '2026-04-09 15:00:00', 1200),
(45, '2026-04-10 16:00:00', 450),
(46, '2026-04-11 17:00:00', 90),
(47, '2026-04-12 18:00:00', 300),
(48, '2026-04-13 10:00:00', 800);

INSERT INTO sale_detail (id, quantity, unit_price, product_id, sale_id) VALUES
(1, 2, 1200, 1, 1),
(2, 1, 150, 3, 2),
(3, 1, 800, 2, 3),
(4, 1, 60, 4, 4),
(5, 3, 150, 3, 5),
(6, 1, 1200, 1, 6),
(7, 1, 60, 4, 7),
(8, 1, 800, 2, 8),

(9, 1, 300, 10, 9),
(10, 1, 120, 5, 10),
(11, 1, 180, 7, 11),
(12, 1, 800, 2, 12),
(13, 1, 220, 8, 13),
(14, 1, 90, 9, 14),
(15, 3, 150, 3, 15),
(16, 1, 60, 4, 16),
(17, 1, 300, 10, 17),
(18, 1, 150, 3, 18),
(19, 1, 1200, 1, 19),
(20, 1, 800, 2, 20),

(21, 1, 1200, 1, 21),
(22, 1, 150, 3, 22),
(23, 1, 300, 10, 23),
(24, 1, 220, 8, 24),
(25, 1, 800, 2, 25),
(26, 1, 90, 9, 26),
(27, 1, 60, 4, 27),
(28, 3, 150, 3, 28),
(29, 1, 180, 7, 29),
(30, 1, 300, 10, 30),
(31, 1, 800, 2, 31),
(32, 1, 120, 5, 32),
(33, 1, 150, 3, 33),
(34, 1, 220, 8, 34),
(35, 1, 300, 10, 35),
(36, 1, 60, 4, 36),
(37, 1, 90, 9, 37),
(38, 1, 1200, 1, 38),

(39, 1, 800, 2, 39),
(40, 1, 300, 10, 40),
(41, 1, 150, 3, 41),
(42, 1, 220, 8, 42),
(43, 1, 60, 4, 43),
(44, 1, 1200, 1, 44),
(45, 3, 150, 3, 45),
(46, 1, 90, 9, 46),
(47, 1, 300, 10, 47),
(48, 1, 800, 2, 48);